id;file_name;file_path;file_type;auth_type
1;Object-based Chicken Total;synergies Cotton silver;Account aggregate backing;TECHFILE
2;generation Mobility;Product Division;Berkshire;LEARN
3;Ridges program interface;Sausages indigo Japan;Synergized;LEARN
4;Berkshire yellow array;state;24/365 wireless neural;LEARN
5;Electronics Lari;Supervisor SMS;directional Jersey;TECHFILE
6;Gabon;payment;Loan Specialist Sausages;TECHFILE
7;PNG Movies;Berkshire Clothing quantifying;Operations cross-platform;TECHFILE
8;National Account;Salvador exuding copy;Strategist Portugal artificial;LEARN
9;schemas alarm well-modulated;Functionality;Guinea-Bissau cross-platform Light;LEARN
10;grow Car;Springs Account Berkshire;Kroon Cheese help-desk;LEARN
